INSERT INTO Servicio (idServicio, titulo, descripcion, img) VALUES (1, 'Bañamos a tu pez', '¿Te gustaría que tus peces lucieran un aspecto limpio y brillante? ¿Te apetece mimarlos con un tratamiento de belleza? Se trata de un baño relajante y terapéutico para los peces, les ayuda a eliminar el estrés, mejorar la circulación y prevenir enfermedades. Además, el servicio de baño de peces es apto para todo tipo de peces de agua dulce o salada, y se realiza con la máxima higiene y seguridad.', 'IMGS/banyo.jfif');
INSERT INTO Servicio (idServicio, titulo, descripcion, img) VALUES (2, 'Paseamos a tu pez', '¿Te gustaría que tus peces disfrutaran de un paseo al aire libre? Este servicio es exclusivo y personalizado para aquellos que quieran dar a sus peces un cambio de aires y una aventura acuática. No lo dudes más y confía en nosotros para pasear a tus peces mientras tú te relajas o trabajas. El servicio de paseo de peces es una forma de enriquecer la vida de tus mascotas y hacerlas más felices.', 'IMGS/paseo.jfif');
INSERT INTO Servicio (idServicio, titulo, descripcion, img) VALUES (3, 'Cuidamos a tu pez', '¿Te vas de viaje y no sabes qué hacer con tus peces? ¿Te preocupa que se queden solos y sin comida? No lo dudes más y confía en nosotros para cuidar de tus peces mientras tú te vas de viaje. El servicio de guardería para peces es una forma de asegurarte de que tus mascotas estarán bien atendidas y felices.', 'IMGS/guarderia.jfif');
INSERT INTO Servicio (idServicio, titulo, descripcion, img) VALUES (4, 'Diseñamos chubasqueros', '¿Te gustaría que tus peces vistieran con estilo y comodidad? ¿Te imaginas ver a tus peces lucir unos chubasqueros originales y divertidos? Se trata de un servicio exclusivo y personalizado para los amantes de los acuarios, que quieren dar a sus peces un toque de color y personalidad. Además, es una experiencia única y divertida para tus peces, que podrán estrenar unos chubasqueros hechos a su medida y gusto, que los protegerán del frío y la lluvia, y que los harán destacar entre los demás.', 'IMGS/costurero.jfif');
INSERT INTO Servicio (idServicio, titulo, descripcion, img) VALUES (5, 'Fotografiamos a tu pez', '¿Te gustaría que tus peces tuvieran un recuerdo inolvidable de su chubasquero? ¿Te apetece mostrar a tus amigos y familiares lo guapos que están tus peces con sus prendas? Ofrecemos este servicio para que puedas tener un recuerdo inolvidable de tus mascotas acuáticas, además de ser una experiencia única y divertida, donde podrán lucir sus chubasqueros en diferentes ambientes y situaciones, y que los harán sentirse como estrellas.', 'IMGS/fotografia.jfif');
INSERT INTO Servicio (idServicio, titulo, descripcion, img) VALUES (6, 'Entrenamos a tu pez', '¿Te gustaría que tus peces aprendieran a hacer trucos y habilidades? El entrenamiento para peces es una actividad que consiste en enseñar a los peces a realizar trucos y habilidades, como saltar aros, seguir órdenes o bailar al ritmo de la música. El entrenamiento para peces tiene varios beneficios, como mejorar la inteligencia, la memoria y el aprendizaje de los peces, estimular su curiosidad y creatividad, fortalecer su vínculo con sus dueños y divertirlos.', 'IMGS/entrenamiento.jfif');
INSERT INTO Servicio (idServicio, titulo, descripcion, img) VALUES (7, 'Masaje relajante para tu pez', '¿Quieres consentir a tus peces con un relajante masaje acuático? Este servicio exclusivo ofrece un masaje suave y delicado para tus peces, utilizando técnicas de estimulación y relajación muscular. El masaje ayuda a mejorar la circulación sanguínea, aliviar el estrés y promover el bienestar general de tus peces. ¡Dales un momento de pura relajación!', 'IMGS/masaje.jpg');
INSERT INTO Servicio (idServicio, titulo, descripcion, img) VALUES (8, 'Clases de buceo para peces', '¿Quieres que tus peces descubran el fascinante mundo submarino? Ofrecemos clases de buceo exclusivas para peces. Con la ayuda de instructores profesionales, tus peces aprenderán las técnicas de buceo adecuadas y podrán explorar nuevas profundidades en un entorno seguro. Sumérgete en una aventura acuática con nuestros expertos buceadores.', 'IMGS/buceo.jpg');
INSERT INTO Servicio (idServicio, titulo, descripcion, img) VALUES (9, 'Clases de cocina para peces', '¿Quieres que tus peces se conviertan en verdaderos chefs? Nuestro servicio de clases de cocina para peces les brinda la oportunidad de aprender a preparar deliciosos platos. Con la guía de nuestros expertos culinarios, tus peces aprenderán técnicas de cocción, combinación de sabores y presentación de alimentos. Descubrirán nuevas recetas y se divertirán explorando el arte culinario.', 'IMGS/cocina.jpg');


INSERT INTO Oferta (idOferta, porcentajeDescuento, descripcion, img) VALUES (1, 0, 'Por la compra de un chubasquero, llévate otro chubasquero gratis', 'IMGS/bienvenida.jfif');
INSERT INTO Oferta (idOferta, porcentajeDescuento, descripcion, img) VALUES (2, 5, 'Llévate un 5% de descuento por compartir una foto de tu pez con su chubasquero en las redes sociales y etiquetarnos', 'IMGS/5descuento.jfif');
INSERT INTO Oferta (idOferta, porcentajeDescuento, descripcion, img) VALUES (3, 10, 'Llévate un 10% de descuento por comprar dos o más chubasqueros de diferentes colores o modelos', 'IMGS/10descuento.jfif');
INSERT INTO Oferta (idOferta, porcentajeDescuento, descripcion, img) VALUES (4, 15, 'Llévate un 15% de descuento por comprar cinco o más chubasqueros de diferentes colores o modelos', 'IMGS/15descuento.jfif');
INSERT INTO Oferta (idOferta, porcentajeDescuento, descripcion, img) VALUES (5, 20, 'Llévate un 20% de descuento si recomiendas nuestra tienda a un amigo y hace una compra superior a 50€', 'IMGS/20descuento.jfif');
INSERT INTO Oferta (idOferta, porcentajeDescuento, descripcion, img) VALUES (6, 0, 'El primer día de cada mes, los chubasqueros a mitad de precio', 'IMGS/especial.jfif');
INSERT INTO Oferta (idOferta, porcentajeDescuento, descripcion, img) VALUES (7, 0, 'Compra una tarjeta regalo en la segunda semana del mes y llévate un regalo', 'IMGS/tarjetaregalo.jfif');
INSERT INTO Oferta (idOferta, porcentajeDescuento, descripcion, img) VALUES (8, 0, 'Compra un chubasquero para tu pez en época de lluvia y te costará la mitad que el resto del año', 'IMGS/epocalluvia.jfif');


INSERT INTO [dbo].[usuario] ([nombre], [contraseña], [email], [apellidos], [ImagenPerfil], [esAdmin], [seguidores], [seguidos]) VALUES (N'asd', N'1234', N'asd@gmail.com', NULL, N'~/ProfileImages/axolotl.jpg', 1, 0, 8)
INSERT INTO [dbo].[usuario] ([nombre], [contraseña], [email], [apellidos], [ImagenPerfil], [esAdmin], [seguidores], [seguidos]) VALUES (N'disco190', N'1234', N'gordofredoeustakio@gmail.com', NULL, N'~/ProfileImages/_2663df62-89c1-4c7a-a49f-a004cffa3e9b.jpg', 0, 0, 15)
INSERT INTO [dbo].[usuario] ([nombre], [contraseña], [email], [apellidos], [ImagenPerfil], [esAdmin], [seguidores], [seguidos]) VALUES (N'Juan', N'123456', N'juan@example.com', N'Pérez', NULL, 0, 0, 1)
INSERT INTO [dbo].[usuario] ([nombre], [contraseña], [email], [apellidos], [ImagenPerfil], [esAdmin], [seguidores], [seguidos]) VALUES (N'María', N'abcdef', N'maria@example.com', N'Gómez', NULL, 1, 0, 0)
INSERT INTO [dbo].[usuario] ([nombre], [contraseña], [email], [apellidos], [ImagenPerfil], [esAdmin], [seguidores], [seguidos]) VALUES (N'Ana', N'password123', N'ana@example.com', NULL, NULL, 0, 0, 0)
INSERT INTO [dbo].[usuario] ([nombre], [contraseña], [email], [apellidos], [ImagenPerfil], [esAdmin], [seguidores], [seguidos]) VALUES (N'Pedro', N'securepass', N'pedro@example.com', N'González', NULL, 1, 0, 0)
INSERT INTO [dbo].[usuario] ([nombre], [contraseña], [email], [apellidos], [ImagenPerfil], [esAdmin], [seguidores], [seguidos]) VALUES (N'Luisa', N'secure123', N'luisa@example.com', N'Gómez', NULL, 0, 0, 0)
INSERT INTO [dbo].[usuario] ([nombre], [contraseña], [email], [apellidos], [ImagenPerfil], [esAdmin], [seguidores], [seguidos]) VALUES (N'Carlos', N'password789', N'carlos@example.com', NULL, NULL, 0, 0, 0)
INSERT INTO [dbo].[usuario] ([nombre], [contraseña], [email], [apellidos], [ImagenPerfil], [esAdmin], [seguidores], [seguidos]) VALUES (N'Laura', N'pass456', N'laura@example.com', N'Fernández', NULL, 0, 0, 0)
INSERT INTO [dbo].[usuario] ([nombre], [contraseña], [email], [apellidos], [ImagenPerfil], [esAdmin], [seguidores], [seguidos]) VALUES (N'Manuel', N'secure789', N'manuel@example.com', NULL, NULL, 0, 0, 0)
INSERT INTO [dbo].[usuario] ([nombre], [contraseña], [email], [apellidos], [ImagenPerfil], [esAdmin], [seguidores], [seguidos]) VALUES (N'Marta', N'password987', N'marta@example.com', N'López', NULL, 0, 0, 0)
INSERT INTO [dbo].[usuario] ([nombre], [contraseña], [email], [apellidos], [ImagenPerfil], [esAdmin], [seguidores], [seguidos]) VALUES (N'Andrés', N'pass789', N'andres@example.com', NULL, NULL, 0, 0, 0)
INSERT INTO [dbo].[usuario] ([nombre], [contraseña], [email], [apellidos], [ImagenPerfil], [esAdmin], [seguidores], [seguidos]) VALUES (N'Carolina', N'secure987', N'carolina@example.com', N'Ramírez', NULL, 0, 0, 0)
INSERT INTO [dbo].[usuario] ([nombre], [contraseña], [email], [apellidos], [ImagenPerfil], [esAdmin], [seguidores], [seguidos]) VALUES (N'Diego', N'password654', N'diego@example.com', NULL, NULL, 0, 0, 0)


INSERT INTO seguidores (username_seguidor, username_seguido) VALUES ('asd', 'disco190');
INSERT INTO seguidores (username_seguidor, username_seguido) VALUES ('disco190', 'asd');
INSERT INTO seguidores (username_seguidor, username_seguido) VALUES ('disco190', 'Juan');
INSERT INTO seguidores (username_seguidor, username_seguido) VALUES ('disco190', 'María');
INSERT INTO seguidores (username_seguidor, username_seguido) VALUES ('disco190', 'Ana');
INSERT INTO seguidores (username_seguidor, username_seguido) VALUES ('disco190', 'Pedro');
INSERT INTO seguidores (username_seguidor, username_seguido) VALUES ('disco190', 'Luisa');
INSERT INTO seguidores (username_seguidor, username_seguido) VALUES ('disco190', 'Carlos');
INSERT INTO seguidores (username_seguidor, username_seguido) VALUES ('disco190', 'Laura');
INSERT INTO seguidores (username_seguidor, username_seguido) VALUES ('disco190', 'Manuel');
INSERT INTO seguidores (username_seguidor, username_seguido) VALUES ('disco190', 'Marta');
INSERT INTO seguidores (username_seguidor, username_seguido) VALUES ('disco190', 'Andrés');
INSERT INTO seguidores (username_seguidor, username_seguido) VALUES ('disco190', 'Carolina');
INSERT INTO seguidores (username_seguidor, username_seguido) VALUES ('disco190', 'Diego');





INSERT INTO Categoría (codCategoria, nombre) VALUES (1, 'Comida');
INSERT INTO Categoría (codCategoria, nombre) VALUES (2, 'Ropa');
INSERT INTO Categoría (codCategoria, nombre) VALUES (3, 'Electrodomésticos');
INSERT INTO Categoría (codCategoria, nombre) VALUES (4, 'Tecnología y videoconsolas');
INSERT INTO Categoría (codCategoria, nombre) VALUES (5, 'Servicios');


INSERT INTO [dbo].[Producto] ([codigo], [nombre], [descripcion], [precio], [stock], [codigoCategoria], [img]) VALUES (1, N'Pienso', N'Pienso para peces', CAST(5.30 AS Decimal(10, 2)), 2, 1, N'/IMGS/pienso.jpg')
INSERT INTO [dbo].[Producto] ([codigo], [nombre], [descripcion], [precio], [stock], [codigoCategoria], [img]) VALUES (2, N'Bufanda', N'Bufanda para peces', CAST(15.00 AS Decimal(10, 2)), 6, 2, N'/IMGS/carpa_bufanda.jpeg')
INSERT INTO [dbo].[Producto] ([codigo], [nombre], [descripcion], [precio], [stock], [codigoCategoria], [img]) VALUES (3, N'Gafas de sol', N'Gafas de sol para peces agresivos', CAST(15.95 AS Decimal(10, 2)), 3, 2, N'/IMGS/piranha.jpg')
INSERT INTO [dbo].[Producto] ([codigo], [nombre], [descripcion], [precio], [stock], [codigoCategoria], [img]) VALUES (4, N'Sombrero', N'Sombrero de copa elegante', CAST(39.99 AS Decimal(10, 2)), 2, 2, N'/IMGS/atun.jpg')
INSERT INTO [dbo].[Producto] ([codigo], [nombre], [descripcion], [precio], [stock], [codigoCategoria], [img]) VALUES (5, N'Chubasquero', N'Chubasquero para los más peques', CAST(12.95 AS Decimal(10, 2)), 2, 2, N'/IMGS/pez_infantil.jpeg')
INSERT INTO [dbo].[Producto] ([codigo], [nombre], [descripcion], [precio], [stock], [codigoCategoria], [img]) VALUES (6, N'Chaqueta', N'Chaqueta de cuero estilo motorista', CAST(45.95 AS Decimal(10, 2)), 1, 2, N'/IMGS/cuero1.jpg')
INSERT INTO [dbo].[Producto] ([codigo], [nombre], [descripcion], [precio], [stock], [codigoCategoria], [img]) VALUES (7, N'Tatuaje', N'Tatuajes para tu pez más macarra', CAST(69.99 AS Decimal(10, 2)), 6, 2, N'/IMGS/koi.jpg')
INSERT INTO [dbo].[Producto] ([codigo], [nombre], [descripcion], [precio], [stock], [codigoCategoria], [img]) VALUES (8, N'Chaqueta', N'Chaqueta fresquita perfecta para nuestros grandes mamíferos', CAST(125.99 AS Decimal(10, 2)), 6, 2, N'/IMGS/ballena.jpeg')
INSERT INTO [dbo].[Producto] ([codigo], [nombre], [descripcion], [precio], [stock], [codigoCategoria], [img]) VALUES (9, N'Chaqueta', N'Chaqueta elegante negra', CAST(225.99 AS Decimal(10, 2)), 6, 2, N'/IMGS/pez_elegante.jpeg')
INSERT INTO [dbo].[Producto] ([codigo], [nombre], [descripcion], [precio], [stock], [codigoCategoria], [img]) VALUES (10, N'Sudadera', N'Sudadera negra con capucha (apertura para aleta)', CAST(29.99 AS Decimal(10, 2)), 6, 2, N'/IMGS/tiburon_2.jpeg')
INSERT INTO [dbo].[Producto] ([codigo], [nombre], [descripcion], [precio], [stock], [codigoCategoria], [img]) VALUES (11, N'Gafas', N'Monóculo para peces pequeños', CAST(9.99 AS Decimal(10, 2)), 6, 2, N'/IMGS/payaso.jpg')
INSERT INTO [dbo].[Producto] ([codigo], [nombre], [descripcion], [precio], [stock], [codigoCategoria], [img]) VALUES (12, N'Chaqueta', N'Chaqueta de cuero ligera para entretiempo', CAST(29.99 AS Decimal(10, 2)), 4, 2, N'/IMGS/cuero2.jpg')
INSERT INTO [dbo].[Producto] ([codigo], [nombre], [descripcion], [precio], [stock], [codigoCategoria], [img]) VALUES (13, N'Gafas', N'Gafas de vista para tu pez', CAST(59.95 AS Decimal(10, 2)), 4, 2, N'/IMGS/pike.jpg')
INSERT INTO [dbo].[Producto] ([codigo], [nombre], [descripcion], [precio], [stock], [codigoCategoria], [img]) VALUES (14, N'Camiseta', N'Camiseta básica para tu pez de río', CAST(9.95 AS Decimal(10, 2)), 4, 2, N'/IMGS/salmon.jpg')
INSERT INTO [dbo].[Producto] ([codigo], [nombre], [descripcion], [precio], [stock], [codigoCategoria], [img]) VALUES (15, N'Camisa', N'Camisa para fiestas bajo del agua', CAST(19.95 AS Decimal(10, 2)), 4, 2, N'/IMGS/delfin.jpg')



INSERT INTO Producto (codigo, nombre, descripcion, precio, stock, codigoCategoria, img) VALUES (21, 'Bañamos a tu pez', 'Servicio de baño relajante y terapéutico para peces', 15.99, 500, 5, '/IMGS/banyo.jfif');
INSERT INTO Producto (codigo, nombre, descripcion, precio, stock, codigoCategoria, img) VALUES (22, 'Paseamos a tu pez', 'Servicio exclusivo de paseo al aire libre para peces', 12.50, 300, 5, '/IMGS/paseo.jfif');
INSERT INTO Producto (codigo, nombre, descripcion, precio, stock, codigoCategoria, img) VALUES (23, 'Cuidamos a tu pez', 'Servicio de guardería para peces mientras estás de viaje', 20.00, 800, 5, '/IMGS/guarderia.jfif');
INSERT INTO Producto (codigo, nombre, descripcion, precio, stock, codigoCategoria, img) VALUES (24, 'Diseñamos chubasqueros', 'Servicio de diseño personalizado de chubasqueros para peces', 30.99, 50, 5, '/IMGS/costurero.jfif');
INSERT INTO Producto (codigo, nombre, descripcion, precio, stock, codigoCategoria, img) VALUES (25, 'Fotografiamos a tu pez', 'Servicio de fotografía para peces con chubasqueros', 25.50, 100, 5, '/IMGS/fotografia.jfif');
INSERT INTO Producto (codigo, nombre, descripcion, precio, stock, codigoCategoria, img) VALUES (26, 'Entrenamos a tu pez', 'Servicio de entrenamiento y trucos para peces', 18.99, 30, 5, '/IMGS/entrenamiento.jfif');
INSERT INTO Producto (codigo, nombre, descripcion, precio, stock, codigoCategoria, img) VALUES (27, 'Masaje relajante para tu pez', 'Servicio de masaje acuático relajante para peces', 10.99, 70, 5, '/IMGS/masaje.jfif');
INSERT INTO Producto (codigo, nombre, descripcion, precio, stock, codigoCategoria, img) VALUES (28, 'Clases de buceo para tu pez', 'Servicio de clases de buceo exclusivas para peces', 22.50, 90, 5, '/IMGS/buceo.jfif');
INSERT INTO Producto (codigo, nombre, descripcion, precio, stock, codigoCategoria, img) VALUES (29, 'Clases de cocina para tu pez', 'Servicio de clases de cocina para peces chefs acuáticos', 28.75, 7, 5, '/IMGS/cocina.jfif');


INSERT INTO Favoritos (usuario, producto) VALUES (1,1);
INSERT INTO Favoritos (usuario, producto) VALUES (1,2);
INSERT INTO Favoritos (usuario, producto) VALUES (1,3);
INSERT INTO Favoritos (usuario, producto) VALUES (1,4);
INSERT INTO Favoritos (usuario, producto) VALUES (1,5);
INSERT INTO Favoritos (usuario, producto) VALUES (1,6);

INSERT INTO Favoritos (usuario, producto) VALUES (2,21);
INSERT INTO Favoritos (usuario, producto) VALUES (2,22);
INSERT INTO Favoritos (usuario, producto) VALUES (2,14);
INSERT INTO Favoritos (usuario, producto) VALUES (2,10);
INSERT INTO Favoritos (usuario, producto) VALUES (2,8);
INSERT INTO Favoritos (usuario, producto) VALUES (2,6);

INSERT INTO Favoritos (usuario, producto) VALUES (3,22);
INSERT INTO Favoritos (usuario, producto) VALUES (3,23);
INSERT INTO Favoritos (usuario, producto) VALUES (3,6);
INSERT INTO Favoritos (usuario, producto) VALUES (3,5);
INSERT INTO Favoritos (usuario, producto) VALUES (3,1);
INSERT INTO Favoritos (usuario, producto) VALUES (3,2);

INSERT INTO Favoritos (usuario, producto) VALUES (4,25);
INSERT INTO Favoritos (usuario, producto) VALUES (4,22);
INSERT INTO Favoritos (usuario, producto) VALUES (4,7);
INSERT INTO Favoritos (usuario, producto) VALUES (4,11);

INSERT INTO Favoritos (usuario, producto) VALUES (5,22);
INSERT INTO Favoritos (usuario, producto) VALUES (5,23);
INSERT INTO Favoritos (usuario, producto) VALUES (5,27);
INSERT INTO Favoritos (usuario, producto) VALUES (5,25);

INSERT INTO Favoritos (usuario, producto) VALUES (6,14);
INSERT INTO Favoritos (usuario, producto) VALUES (6,12);
INSERT INTO Favoritos (usuario, producto) VALUES (6,10);
INSERT INTO Favoritos (usuario, producto) VALUES (6,8);

INSERT INTO Favoritos (usuario, producto) VALUES (7,25);
INSERT INTO Favoritos (usuario, producto) VALUES (7,21);
INSERT INTO Favoritos (usuario, producto) VALUES (7,6);
INSERT INTO Favoritos (usuario, producto) VALUES (7,2);

INSERT INTO Favoritos (usuario, producto) VALUES (7,12);
INSERT INTO Favoritos (usuario, producto) VALUES (7,11);
INSERT INTO Favoritos (usuario, producto) VALUES (7,9);

INSERT INTO Favoritos (usuario, producto) VALUES (8,22);
INSERT INTO Favoritos (usuario, producto) VALUES (8,23);
INSERT INTO Favoritos (usuario, producto) VALUES (8,4);
INSERT INTO Favoritos (usuario, producto) VALUES (8,9);

INSERT INTO Favoritos (usuario, producto) VALUES (9,25);
INSERT INTO Favoritos (usuario, producto) VALUES (9,22);
INSERT INTO Favoritos (usuario, producto) VALUES (9,12);
INSERT INTO Favoritos (usuario, producto) VALUES (9,3);

INSERT INTO Favoritos (usuario, producto) VALUES (10,22);
INSERT INTO Favoritos (usuario, producto) VALUES (10,23);
INSERT INTO Favoritos (usuario, producto) VALUES (10,1);
INSERT INTO Favoritos (usuario, producto) VALUES (10,2);

INSERT INTO Favoritos (usuario, producto) VALUES (11,11);
INSERT INTO Favoritos (usuario, producto) VALUES (11,22);
INSERT INTO Favoritos (usuario, producto) VALUES (11,8);
INSERT INTO Favoritos (usuario, producto) VALUES (11,7);

INSERT INTO Favoritos (usuario, producto) VALUES (12,22);
INSERT INTO Favoritos (usuario, producto) VALUES (12,23);
INSERT INTO Favoritos (usuario, producto) VALUES (12,4);
INSERT INTO Favoritos (usuario, producto) VALUES (12,24);

INSERT INTO Favoritos (usuario, producto) VALUES (13,25);
INSERT INTO Favoritos (usuario, producto) VALUES (13,22);
INSERT INTO Favoritos (usuario, producto) VALUES (13,23);
INSERT INTO Favoritos (usuario, producto) VALUES (13,12);

INSERT INTO Favoritos (usuario, producto) VALUES (14,22);
INSERT INTO Favoritos (usuario, producto) VALUES (14,23);
INSERT INTO Favoritos (usuario, producto) VALUES (14,3);
INSERT INTO Favoritos (usuario, producto) VALUES (14,4);

/*
INSERT INTO Reservas (usuario, producto, cantidad, ptotal, fecha) VALUES (1, 2, 3, 16.8, '21/05/2023');
INSERT INTO Reservas (usuario, producto, cantidad, ptotal, fecha) VALUES (2, 3, 1, 4.7, '22/04/2023');
INSERT INTO Reservas (usuario, producto, cantidad, ptotal, fecha) VALUES (3, 4, 2, 7.0, '23/04/2023');
INSERT INTO Reservas (usuario, producto, cantidad, ptotal, fecha) VALUES (4, 5, 1, 2.2, '24/03/2023');
INSERT INTO Reservas (usuario, producto, cantidad, ptotal, fecha) VALUES (5, 6, 1, 45, '25/03/2023');
INSERT INTO Reservas (usuario, producto, cantidad, ptotal, fecha) VALUES (6, 7, 1, 220, '26/02/2023');
INSERT INTO Reservas (usuario, producto, cantidad, ptotal, fecha) VALUES (7, 8, 2, 106, '27/01/2023');
INSERT INTO Reservas (usuario, producto, cantidad, ptotal, fecha) VALUES (8, 9, 3, 46.2, '28/03/2023');
INSERT INTO Reservas (usuario, producto, cantidad, ptotal, fecha) VALUES (9, 10, 1, 60, '29/04/2023');
INSERT INTO Reservas (usuario, producto, cantidad, ptotal, fecha) VALUES (10, 1, 1, 20.3, '30/01/2023');
INSERT INTO Reservas (usuario, producto, cantidad, ptotal, fecha) VALUES (11, 2, 2, 11.2, '31/03/2023');
INSERT INTO Reservas (usuario, producto, cantidad, ptotal, fecha) VALUES (12, 3, 1, 4.7, '01/02/2023');
INSERT INTO Reservas (usuario, producto, cantidad, ptotal, fecha) VALUES (13, 4, 3, 10.5, '02/03/2023');
INSERT INTO Reservas (usuario, producto, cantidad, ptotal, fecha) VALUES (14, 5, 2, 4.4, '03/04/2023');
*/

INSERT INTO Reservas (usuario, producto, cantidad, ptotal, fecha) VALUES (1, 2, 3, ROUND((SELECT precio FROM Producto WHERE Producto.codigo = 2) * 3, 2), '21/05/2023');
INSERT INTO Reservas (usuario, producto, cantidad, ptotal, fecha) VALUES (2, 3, 1, ROUND((SELECT precio FROM Producto WHERE Producto.codigo = 3) * 1, 2), '22/04/2023');
INSERT INTO Reservas (usuario, producto, cantidad, ptotal, fecha) VALUES (3, 4, 2, ROUND((SELECT precio FROM Producto WHERE Producto.codigo = 4) * 2, 2), '23/04/2023');
INSERT INTO Reservas (usuario, producto, cantidad, ptotal, fecha) VALUES (4, 5, 1, ROUND((SELECT precio FROM Producto WHERE Producto.codigo = 5) * 1, 2), '24/03/2023');
INSERT INTO Reservas (usuario, producto, cantidad, ptotal, fecha) VALUES (5, 6, 1, ROUND((SELECT precio FROM Producto WHERE Producto.codigo = 6) * 1, 2), '25/03/2023');
INSERT INTO Reservas (usuario, producto, cantidad, ptotal, fecha) VALUES (6, 7, 1, ROUND((SELECT precio FROM Producto WHERE Producto.codigo = 7) * 1, 2), '26/02/2023');
INSERT INTO Reservas (usuario, producto, cantidad, ptotal, fecha) VALUES (7, 8, 2, ROUND((SELECT precio FROM Producto WHERE Producto.codigo = 8) * 2, 2), '27/01/2023');
INSERT INTO Reservas (usuario, producto, cantidad, ptotal, fecha) VALUES (8, 9, 3, ROUND((SELECT precio FROM Producto WHERE Producto.codigo = 9) * 3, 2), '28/03/2023');
INSERT INTO Reservas (usuario, producto, cantidad, ptotal, fecha) VALUES (9, 10, 1, ROUND((SELECT precio FROM Producto WHERE Producto.codigo = 10) * 1, 2), '29/04/2023');
INSERT INTO Reservas (usuario, producto, cantidad, ptotal, fecha) VALUES (10, 1, 1, ROUND((SELECT precio FROM Producto WHERE Producto.codigo = 1) * 1, 2), '30/01/2023');
INSERT INTO Reservas (usuario, producto, cantidad, ptotal, fecha) VALUES (11, 2, 2, ROUND((SELECT precio FROM Producto WHERE Producto.codigo = 2) * 2, 2), '31/03/2023');
INSERT INTO Reservas (usuario, producto, cantidad, ptotal, fecha) VALUES (12, 3, 1, ROUND((SELECT precio FROM Producto WHERE Producto.codigo = 3) * 1, 2), '01/02/2023');
INSERT INTO Reservas (usuario, producto, cantidad, ptotal, fecha) VALUES (13, 4, 3, ROUND((SELECT precio FROM Producto WHERE Producto.codigo = 4) * 3, 2), '02/03/2023');
INSERT INTO Reservas (usuario, producto, cantidad, ptotal, fecha) VALUES (14, 5, 2, ROUND((SELECT precio FROM Producto WHERE Producto.codigo = 5) * 2, 2), '03/04/2023');


INSERT INTO Reservas (usuario, producto, cantidad, ptotal, fecha) VALUES (1, 9, 2, ROUND((SELECT precio FROM Producto WHERE Producto.codigo = 9) * 2, 2), '05/01/2023');
INSERT INTO Reservas (usuario, producto, cantidad, ptotal, fecha) VALUES (2, 10, 1, ROUND((SELECT precio FROM Producto WHERE Producto.codigo = 10) * 1, 2), '06/03/2023');
INSERT INTO Reservas (usuario, producto, cantidad, ptotal, fecha) VALUES (3, 1, 3, ROUND((SELECT precio FROM Producto WHERE Producto.codigo = 1) * 3, 2), '07/04/2023');
INSERT INTO Reservas (usuario, producto, cantidad, ptotal, fecha) VALUES (4, 2, 1, ROUND((SELECT precio FROM Producto WHERE Producto.codigo = 2) * 1, 2), '08/01/2023');
INSERT INTO Reservas (usuario, producto, cantidad, ptotal, fecha) VALUES (5, 3, 2, ROUND((SELECT precio FROM Producto WHERE Producto.codigo = 3) * 2, 2), '09/02/2023');
INSERT INTO Reservas (usuario, producto, cantidad, ptotal, fecha) VALUES (6, 4, 1, ROUND((SELECT precio FROM Producto WHERE Producto.codigo = 4) * 1, 2), '10/03/2023');
INSERT INTO Reservas (usuario, producto, cantidad, ptotal, fecha) VALUES (7, 5, 1, ROUND((SELECT precio FROM Producto WHERE Producto.codigo = 5) * 1, 2), '11/01/2023');
INSERT INTO Reservas (usuario, producto, cantidad, ptotal, fecha) VALUES (8, 6, 2, ROUND((SELECT precio FROM Producto WHERE Producto.codigo = 6) * 2, 2), '12/06/2022');
INSERT INTO Reservas (usuario, producto, cantidad, ptotal, fecha) VALUES (9, 7, 1, ROUND((SELECT precio FROM Producto WHERE Producto.codigo = 7) * 1, 2), '13/06/2022');
INSERT INTO Reservas (usuario, producto, cantidad, ptotal, fecha) VALUES (10, 8, 1, ROUND((SELECT precio FROM Producto WHERE Producto.codigo = 8) * 1, 2), '14/06/2022');
INSERT INTO Reservas (usuario, producto, cantidad, ptotal, fecha) VALUES (11, 9, 3, ROUND((SELECT precio FROM Producto WHERE Producto.codigo = 9) * 3, 2), '15/06/2022');
INSERT INTO Reservas (usuario, producto, cantidad, ptotal, fecha) VALUES (12, 10, 2, ROUND((SELECT precio FROM Producto WHERE Producto.codigo = 10) * 2, 2), '16/06/2022');
INSERT INTO Reservas (usuario, producto, cantidad, ptotal, fecha) VALUES (13, 1, 1, ROUND((SELECT precio FROM Producto WHERE Producto.codigo = 1) * 1, 2), '17/06/2022');


INSERT INTO Reservas (usuario, producto, cantidad, ptotal, fecha) VALUES (3, 9, 3, 46.2, '12/05/2023');
INSERT INTO Reservas (usuario, producto, cantidad, ptotal, fecha) VALUES (4, 10, 2, 120, '11/05/2023');
INSERT INTO Reservas (usuario, producto, cantidad, ptotal, fecha) VALUES (5, 1, 1, 20.3, '10/05/2023');
INSERT INTO Reservas (usuario, producto, cantidad, ptotal, fecha) VALUES (6, 2, 2, 11.2, '09/05/2023');
INSERT INTO Reservas (usuario, producto, cantidad, ptotal, fecha) VALUES (7, 3, 1, 4.7, '08/05/2023');
INSERT INTO Reservas (usuario, producto, cantidad, ptotal, fecha) VALUES (8, 4, 3, 10.5, '07/05/2023');
INSERT INTO Reservas (usuario, producto, cantidad, ptotal, fecha) VALUES (9, 5, 2, 4.4, '06/05/2023');
INSERT INTO Reservas (usuario, producto, cantidad, ptotal, fecha) VALUES (10, 6, 1, 45, '05/05/2023');
INSERT INTO Reservas (usuario, producto, cantidad, ptotal, fecha) VALUES (11, 7, 2, 440, '04/05/2023');
INSERT INTO Reservas (usuario, producto, cantidad, ptotal, fecha) VALUES (12, 8, 1, 53, '03/05/2023');
INSERT INTO Reservas (usuario, producto, cantidad, ptotal, fecha) VALUES (13, 9, 3, 46.2, '02/05/2023');
INSERT INTO Reservas (usuario, producto, cantidad, ptotal, fecha) VALUES (14, 10, 2, 120, '01/05/2023');

INSERT INTO Reservas (usuario, producto, cantidad, ptotal, fecha) VALUES (1, 4, 2, 7.0, '22/04/2023');
INSERT INTO Reservas (usuario, producto, cantidad, ptotal, fecha) VALUES (1, 5, 1, 2.2, '21/04/2023');
INSERT INTO Reservas (usuario, producto, cantidad, ptotal, fecha) VALUES (1, 6, 1, 45, '20/04/2023');

INSERT INTO Reservas (usuario, producto, cantidad, ptotal, fecha) VALUES (2, 7, 1, 220, '19/04/2023');
INSERT INTO Reservas (usuario, producto, cantidad, ptotal, fecha) VALUES (2, 9, 3, 46.2, '17/04/2023');

INSERT INTO Reservas (usuario, producto, cantidad, ptotal, fecha) VALUES (3, 10, 1, 60, '16/04/2023');
INSERT INTO Reservas (usuario, producto, cantidad, ptotal, fecha) VALUES (3, 2, 1, 5.6, '14/04/2023');

INSERT INTO Reservas (usuario, producto, cantidad, ptotal, fecha) VALUES (4, 3, 2, 9.4, '13/04/2023');
INSERT INTO Reservas (usuario, producto, cantidad, ptotal, fecha) VALUES (4, 4, 1, 3.5, '12/04/2023');

INSERT INTO Reservas (usuario, producto, cantidad, ptotal, fecha) VALUES (5, 7, 1, 220, '09/04/2023');
INSERT INTO Reservas (usuario, producto, cantidad, ptotal, fecha) VALUES (5, 8, 1, 53, '08/04/2023');

INSERT INTO Reservas (usuario, producto, cantidad, ptotal, fecha) VALUES (7, 2, 2, 11.2, '04/04/2023');
INSERT INTO Reservas (usuario, producto, cantidad, ptotal, fecha) VALUES (7, 1, 1, 20.3, '03/04/2023');
INSERT INTO Reservas (usuario, producto, cantidad, ptotal, fecha) VALUES (7, 4, 3, 10.5, '02/04/2023');

INSERT INTO Reservas (usuario, producto, cantidad, ptotal, fecha) VALUES (8, 5, 2, 4.4, '01/04/2023');
INSERT INTO Reservas (usuario, producto, cantidad, ptotal, fecha) VALUES (8, 1, 2, 40.6, '31/03/2023');
INSERT INTO Reservas (usuario, producto, cantidad, ptotal, fecha) VALUES (8, 7, 2, 440, '30/03/2023');

INSERT INTO Reservas (usuario, producto, cantidad, ptotal, fecha) VALUES (9, 3, 1, 4.7, '29/03/2023');
INSERT INTO Reservas (usuario, producto, cantidad, ptotal, fecha) VALUES (9, 9, 3, 46.2, '28/03/2023');
INSERT INTO Reservas (usuario, producto, cantidad, ptotal, fecha) VALUES (9, 1, 1, 20.3, '27/03/2023');

INSERT INTO Reservas (usuario, producto, cantidad, ptotal, fecha) VALUES (10, 10, 2, 120, '26/03/2023');
INSERT INTO Reservas (usuario, producto, cantidad, ptotal, fecha) VALUES (10, 2, 2, 11.2, '25/03/2023');
INSERT INTO Reservas (usuario, producto, cantidad, ptotal, fecha) VALUES (10, 3, 1, 4.7, '24/03/2023');

INSERT INTO Reservas (usuario, producto, cantidad, ptotal, fecha) VALUES (11, 4, 2, 7.0, '23/03/2023');
INSERT INTO Reservas (usuario, producto, cantidad, ptotal, fecha) VALUES (11, 5, 1, 2.2, '22/03/2023');
INSERT INTO Reservas (usuario, producto, cantidad, ptotal, fecha) VALUES (11, 6, 1, 45, '21/03/2023');

INSERT INTO Reservas (usuario, producto, cantidad, ptotal, fecha) VALUES (12, 7, 1, 220, '20/03/2023');
INSERT INTO Reservas (usuario, producto, cantidad, ptotal, fecha) VALUES (12, 1, 2, 40.6, '19/03/2023');
INSERT INTO Reservas (usuario, producto, cantidad, ptotal, fecha) VALUES (12, 9, 3, 46.2, '18/03/2023');

INSERT INTO Reservas (usuario, producto, cantidad, ptotal, fecha) VALUES (13, 10, 1, 60, '17/03/2023');
INSERT INTO Reservas (usuario, producto, cantidad, ptotal, fecha) VALUES (13, 6, 2, 90, '16/03/2023');
INSERT INTO Reservas (usuario, producto, cantidad, ptotal, fecha) VALUES (13, 2, 1, 5.6, '15/03/2023');

INSERT INTO Reservas (usuario, producto, cantidad, ptotal, fecha) VALUES (14, 3, 2, 9.4, '14/03/2023');
INSERT INTO Reservas (usuario, producto, cantidad, ptotal, fecha) VALUES (14, 4, 1, 3.5, '13/03/2023');
INSERT INTO Reservas (usuario, producto, cantidad, ptotal, fecha) VALUES (14, 9, 2, 30.8, '12/03/2023');


INSERT INTO carrito (id, usuario_id, producto_id, preciotot, cantidad) VALUES (100, 1, 3, 14.1, 2);
INSERT INTO carrito (id, usuario_id, producto_id, preciotot, cantidad) VALUES (101, 1, 5, 2.2, 1);
INSERT INTO carrito (id, usuario_id, producto_id, preciotot, cantidad) VALUES (102, 1, 10, 60, 1);
INSERT INTO carrito (id, usuario_id, producto_id, preciotot, cantidad) VALUES (103, 1, 8, 53, 1);
INSERT INTO carrito (id, usuario_id, producto_id, preciotot, cantidad) VALUES (104, 1, 4, 14, 4);
INSERT INTO carrito (id, usuario_id, producto_id, preciotot, cantidad) VALUES (105, 1, 6, 45, 1);
INSERT INTO carrito (id, usuario_id, producto_id, preciotot, cantidad) VALUES (106, 1, 2, 11.2 , 2);
INSERT INTO carrito (id, usuario_id, producto_id, preciotot, cantidad) VALUES (107, 1, 9, 15.4, 1);
INSERT INTO carrito (id, usuario_id, producto_id, preciotot, cantidad) VALUES (108, 1, 10, 120, 2);
INSERT INTO carrito (id, usuario_id, producto_id, preciotot, cantidad) VALUES (109, 1, 3, 47, 10);
INSERT INTO carrito (id, usuario_id, producto_id, preciotot, cantidad) VALUES (110, 1, 7, 220, 1);

INSERT INTO pedido (id, usuario_id, producto_id, preciotot, cantidad, fecha_pedido) VALUES (100, 1, 3, 14.1, 2, '2023-6-15');
INSERT INTO pedido (id, usuario_id, producto_id, preciotot, cantidad, fecha_pedido) VALUES (101, 1, 5, 2.2, 1, '2023-6-25');
INSERT INTO pedido (id, usuario_id, producto_id, preciotot, cantidad, fecha_pedido) VALUES (102, 1, 10, 60, 1, '2023-6-24');
INSERT INTO pedido (id, usuario_id, producto_id, preciotot, cantidad, fecha_pedido) VALUES (103, 1, 8, 53, 1, '2023-7-1');
INSERT INTO pedido (id, usuario_id, producto_id, preciotot, cantidad, fecha_pedido) VALUES (104, 1, 4, 14, 4, '2023-7-13');
INSERT INTO pedido (id, usuario_id, producto_id, preciotot, cantidad, fecha_pedido) VALUES (105, 1, 6, 45, 1, '2023-7-22');
INSERT INTO pedido (id, usuario_id, producto_id, preciotot, cantidad, fecha_pedido) VALUES (106, 1, 2, 11.2 , 2, '2023-7-30');
INSERT INTO pedido (id, usuario_id, producto_id, preciotot, cantidad, fecha_pedido) VALUES (107, 1, 9, 15.4, 1, '2023-8-10');
INSERT INTO pedido (id, usuario_id, producto_id, preciotot, cantidad, fecha_pedido) VALUES (108, 1, 10, 120, 2, '2023-8-18');
INSERT INTO pedido (id, usuario_id, producto_id, preciotot, cantidad, fecha_pedido) VALUES (109, 1, 3, 47, 10, '2023-8-27');
INSERT INTO pedido (id, usuario_id, producto_id, preciotot, cantidad, fecha_pedido) VALUES (110, 1, 7, 220, 1, '2023-9-4');


insert into Puntuacion (item, estrellas, id_user, media, contador) values (4, 5, 2, 5, 4)
insert into Comentario (item, id_user, likes, dislikes, estrellas, comentario) values (4, 2, 5, 0, 5, 'Es lo que necesitaba mi pequeñín')
insert into Puntuacion (item, estrellas, id_user, media, contador) values (4, 5, 1, 5, 5)
insert into Comentario (item, id_user, likes, dislikes, estrellas, comentario) values (4, 1, 3, 1, 5, 'Todo perfecto')
insert into Puntuacion (item, estrellas, id_user, media, contador) values (4, 5, 3, 5, 6)
insert into Comentario (item, id_user, likes, dislikes, estrellas, comentario) values (4, 3, 2, 0, 5, 'Muy buen producto, volvería a comprar sin duda')

insert into Puntuacion (item, estrellas, id_user, media, contador) values (7, 3, 5, 3, 3)
insert into Comentario (item, id_user, likes, dislikes, estrellas, comentario) values (7, 5, 2, 4, 3, 'Podría ser mejor')
insert into Puntuacion (item, estrellas, id_user, media, contador) values (8, 3, 10, 4, 4)
insert into Comentario (item, id_user, likes, dislikes, estrellas, comentario) values (8, 10, 1, 0, 3, 'Ok')
insert into Puntuacion (item, estrellas, id_user, media, contador) values (9, 5, 12, 5, 5)
insert into Comentario (item, id_user, likes, dislikes, estrellas, comentario) values (9, 12, 5, 0, 5, 'Todo perfecto')
insert into Puntuacion (item, estrellas, id_user, media, contador) values (12, 5, 13, 5, 6)
insert into Comentario (item, id_user, likes, dislikes, estrellas, comentario) values (12, 13, 2, 0, 5, 'Muy buen producto, volvería a comprar sin duda')

insert into Puntuacion (item, estrellas, id_user, media, contador) values (15, 4, 12, 4, 3)
insert into Comentario (item, id_user, likes, dislikes, estrellas, comentario) values (15, 12, 4, 1, 4, 'Me alegra haber encontrado esta tienda')
insert into Puntuacion (item, estrellas, id_user, media, contador) values (14, 5, 14, 5, 4)
insert into Comentario (item, id_user, likes, dislikes, estrellas, comentario) values (14, 14, 1, 0, 5, 'Es lo que necesitaba')
insert into Puntuacion (item, estrellas, id_user, media, contador) values (14, 5, 8, 5, 5)
insert into Comentario (item, id_user, likes, dislikes, estrellas, comentario) values (14, 8, 7, 1, 5, 'Todo bien')
insert into Puntuacion (item, estrellas, id_user, media, contador) values (24, 5, 13, 5, 6)
insert into Comentario (item, id_user, likes, dislikes, estrellas, comentario) values (24, 13, 3, 0, 5, 'Muy buen producto')
